序号,刊名,收录,2023IF,JCR分区,中科院分区
1 ,Annual Review of Psychology,SSCI,23.6 ,Q1,1区
2 ,TRENDS IN COGNITIVE SCIENCES,SSCI,16.7 ,Q1,1区
3 ,Nature Reviews Psychology,ESCI,16.8 ,Q1,1区
4 ,Nature Human Behaviour,SSCI,21.4 ,Q1,1区
5 ,Annual Review of Clinical Psychology,SSCI,17.8 ,Q1,1区
6 ,Social Issues and Policy Review,SSCI,7.2 ,Q1,1区
7 ,CLINICAL PSYCHOLOGY REVIEW,SSCI,13.7 ,Q1,1区
8 ,PSYCHOLOGICAL BULLETIN,SSCI,17.3 ,Q1,1区
9 ,PERSONALITY AND SOCIAL PSYCHOLOGY REVIEW,SSCI,7.7 ,Q1,1区
10 ,Advances in Methods and Practices in Psychological Science,SSCI,15.6 ,Q1,1区
11 ,International Review of Sport and Exercise Psychology,SSCI,6.4 ,Q1,1区
12 ,Perspectives on Psychological Science,SSCI,10.5 ,Q1,1区
13 ,CURRENT DIRECTIONS IN PSYCHOLOGICAL SCIENCE,SSCI,7.4 ,Q1,1区
14 ,Child Development Perspectives,SSCI,5.1 ,Q1,1区
15 ,AMERICAN PSYCHOLOGIST,SSCI,12.3 ,Q1,1区
16 ,JOURNAL OF PERSONALITY AND SOCIAL PSYCHOLOGY,SSCI,6.4 ,Q1,1区
17 ,European Review of Social Psychology,SSCI,10.1 ,Q1,1区
18 ,JOURNAL OF APPLIED PSYCHOLOGY,SSCI,9.4 ,Q1,1区
19 ,Psychological Science in the Public Interest,SSCI,18.2 ,Q1,1区
20 ,JOURNAL OF CONSULTING AND CLINICAL PSYCHOLOGY,SSCI,4.5 ,Q1,1区
21 ,COMPUTERS IN HUMAN BEHAVIOR,SSCI,9.0 ,Q1,1区
22 ,CLINICAL CHILD AND FAMILY PSYCHOLOGY REVIEW,SSCI,5.5 ,Q1,1区
23 ,DEVELOPMENTAL REVIEW,SSCI,5.7 ,Q1,1区
24 ,PSYCHOLOGICAL REVIEW,SSCI,5.1 ,Q1,1区
25 ,NEUROPSYCHOLOGY REVIEW,SSCI,5.4 ,Q1,1区
26 ,PSYCHOLOGICAL METHODS,SSCI,7.6 ,Q1,1区
27 ,BEHAVIORAL AND BRAIN SCIENCES,SSCI,16.6 ,Q1,1区
28 ,MONOGRAPHS OF THE SOCIETY FOR RESEARCH IN CHILD DEVELOPMENT,SSCI,9.4 ,Q1,1区
29 ,PSYCHOLOGICAL SCIENCE,SSCI,4.8 ,Q1,1区
30 ,Body Image,SSCI,5.2 ,Q1,1区
31 ,PERSONNEL PSYCHOLOGY,SSCI,4.7 ,Q1,1区
32 ,JOURNAL OF VOCATIONAL BEHAVIOR,SSCI,5.2 ,Q1,1区
33 ,Journal of Occupational Health Psychology,SSCI,5.9 ,Q1,1区
34 ,JOURNAL OF SCHOOL PSYCHOLOGY,SSCI,3.8 ,Q1,1区
35 ,JOURNAL OF ENVIRONMENTAL PSYCHOLOGY,SSCI,6.1 ,Q1,1区
36 ,LEARNING AND INDIVIDUAL DIFFERENCES,SSCI,3.8 ,Q1,1区
37 ,CHILD DEVELOPMENT,SSCI,3.9 ,Q1,1区
38 ,COGNITIVE PSYCHOLOGY,SSCI,3.0 ,Q1,1区
39 ,JOURNAL OF YOUTH AND ADOLESCENCE,SSCI,3.7 ,Q1,1区
40 ,JOURNAL OF APPLIED BEHAVIOR ANALYSIS,SSCI,2.9 ,Q1,1区
41 ,Neurobiology of Language,ESCI,3.6 ,Q1,1区
42 ,BEHAVIOUR RESEARCH AND THERAPY,SSCI,4.2 ,Q1,1区
43 ,JOURNAL OF EXPERIMENTAL PSYCHOLOGY-GENERAL,SSCI,3.7 ,Q1,1区
44 ,HUMAN DEVELOPMENT,SSCI,4.4 ,Q1,1区
45 ,Revista de Psicodidactica,SSCI,3.8 ,Q1,1区
46 ,AUTISM,SSCI,5.2 ,Q1,1区
47 ,WORK AND STRESS,SSCI,5.6 ,Q1,1区
48 ,EUROPEAN JOURNAL OF PERSONALITY,SSCI,3.6 ,Q1,1区
49 ,Policy Insights from the Behavioral and Brain Sciences,ESCI,3.4 ,Q1,1区
50 ,JOURNAL OF CLINICAL CHILD AND ADOLESCENT PSYCHOLOGY,SSCI,4.2 ,Q1,1区
51 ,DEVELOPMENTAL SCIENCE,SSCI,3.1 ,Q2,1区
52 ,EVOLUTION AND HUMAN BEHAVIOR,SSCI,3.0 ,Q1,1区
53 ,Qualitative Psychology,ESCI,11.7 ,Q1,1区
54 ,BRITISH JOURNAL OF SOCIAL PSYCHOLOGY,SSCI,3.2 ,Q1,1区
55 ,JOURNAL OF COUNSELING PSYCHOLOGY,SSCI,3.8 ,Q1,1区
56 ,MUSICAE SCIENTIAE,SSCI,2.2 ,Q2,1区
57 ,Journal of Psychopathology and Clinical Science,SSCI,3.1 ,Q1,1区
58 ,Current Opinion in Psychology,SSCI,6.3 ,Q1,2区
59 ,Health Psychology Review,SSCI,6.6 ,Q1,2区
60 ,Adolescent Research Review,SSCI,4.7 ,Q1,2区
61 ,AMERICAN JOURNAL OF COMMUNITY PSYCHOLOGY,SSCI,3.4 ,Q1,2区
62 ,JOURNAL OF MEMORY AND LANGUAGE,SSCI,2.9 ,Q1,2区
63 ,Wiley Interdisciplinary Reviews-Cognitive Science,SSCI,3.2 ,Q1,2区
64 ,Memory Studies,#N/A,#N/A,#N/A,2区
65 ,BEHAVIOR THERAPY,SSCI,3.4 ,Q1,2区
66 ,PSYCHOLOGY AND AGING,SSCI,3.7 ,Q1,2区
67 ,Cognition,SSCI,2.8 ,Q1,2区
68 ,JOURNAL OF RESEARCH ON ADOLESCENCE,SSCI,4.6 ,Q1,2区
69 ,Social and Personality Psychology Compass,SSCI,4.8 ,Q1,2区
70 ,International Journal of Clinical and Health Psychology,SSCI,5.3 ,Q1,2区
71 ,DEVELOPMENTAL PSYCHOLOGY,SSCI,3.1 ,Q2,2区
72 ,PSYCHOTHERAPY RESEARCH,SSCI,2.6 ,Q2,2区
73 ,REVIEW OF GENERAL PSYCHOLOGY,SSCI,3.6 ,Q1,2区
74 ,CHILD ABUSE & NEGLECT,SSCI,3.4 ,Q1,2区
75 ,COGNITIVE SCIENCE,SSCI,2.3 ,Q2,2区
76 ,Psychology of Aesthetics Creativity and the Arts,SSCI,2.7 ,Q2,2区
77 ,PSYCHOLOGY OF SPORT AND EXERCISE,SSCI,3.1 ,Q2,2区
78 ,JOURNAL OF PERSONALITY,SSCI,3.2 ,Q1,2区
79 ,PSYCHOLOGY OF WOMEN QUARTERLY,SSCI,2.5 ,Q2,2区
80 ,Social Psychological and Personality Science,SSCI,4.3 ,Q1,2区
81 ,EMOTION,SSCI,3.4 ,Q1,2区
82 ,COGNITION AND INSTRUCTION,SSCI,2.3 ,Q2,2区
83 ,CLINICAL PSYCHOLOGY-SCIENCE AND PRACTICE,SSCI,4.7 ,Q1,2区
84 ,BRITISH JOURNAL OF PSYCHOLOGY,SSCI,3.2 ,Q1,2区
85 ,JOURNAL OF CAREER ASSESSMENT,SSCI,2.8 ,Q2,2区
86 ,JOURNAL OF CREATIVE BEHAVIOR,SSCI,2.8 ,Q2,2区
87 ,SCHOOL PSYCHOLOGY REVIEW,SSCI,3.9 ,Q1,2区
88 ,Psychosocial Intervention,SSCI,3.6 ,Q1,2区
89 ,INTELLIGENCE,SSCI,3.3 ,Q1,2区
90 ,Journal of Happiness Studies,SSCI,3.1 ,Q1,2区
91 ,Psychology of Men & Masculinities,SSCI,2.7 ,Q2,2区
92 ,Cultural Diversity & Ethnic Minority Psychology,SSCI,3.2 ,Q1,2区
93 ,SOCIAL PSYCHOLOGY QUARTERLY,SSCI,2.1 ,Q3,2区
94 ,PSYCHOLOGICAL ASSESSMENT,SSCI,3.3 ,Q1,2区
95 ,PERSONALITY AND SOCIAL PSYCHOLOGY BULLETIN,SSCI,3.4 ,Q1,2区
96 ,GROUP PROCESSES & INTERGROUP RELATIONS,SSCI,4.0 ,Q1,2区
97 ,Psychology of Sexual Orientation and Gender Diversity,SSCI,3.6 ,Q1,2区
98 ,ENVIRONMENT AND BEHAVIOR,SSCI,5.2 ,Q1,2区
99 ,DEVELOPMENT AND PSYCHOPATHOLOGY,SSCI,3.1 ,Q2,2区
100 ,JOURNAL OF BUSINESS AND PSYCHOLOGY,SSCI,3.7 ,Q1,2区
101 ,DISCOURSE PROCESSES,SSCI,2.1 ,Q2,2区
102 ,Behavior Research Methods,SSCI,4.6 ,Q1,2区
103 ,APPLIED PSYCHOLOGY-AN INTERNATIONAL REVIEW-PSYCHOLOGIE APPLIQUEE-REVUE INTERNATIONALE,SSCI,4.9 ,Q1,2区
104 ,Identity-An International Journal of Theory and Research,ESCI,2.2 ,Q3,2区
105 ,MUSIC PERCEPTION,SSCI,1.3 ,Q4,2区
106 ,Journal of Black Psychology,SSCI,2.5 ,Q2,2区
107 ,Applied Psychology-Health and Well Being,SSCI,3.8 ,Q1,2区
108 ,JOURNAL OF THE AMERICAN PSYCHOANALYTIC ASSOCIATION,SSCI,1.4 ,Q1,2区
109 ,Current Opinion in Behavioral Sciences,SSCI,4.9 ,Q1,2区
110 ,Research on Child and Adolescent Psychopathology,SSCI,2.9 ,Q1,2区
111 ,Behavioral and Brain Functions,#N/A,#N/A,#N/A,2区
112 ,European Journal of Work and Organizational Psychology,SSCI,4.0 ,Q1,2区
113 ,JOURNAL OF APPLIED SPORT PSYCHOLOGY,SSCI,2.7 ,Q2,2区
114 ,SEXUAL ABUSE-A JOURNAL OF RESEARCH AND TREATMENT,SSCI,2.1 ,Q2,2区
115 ,FEMINISM & PSYCHOLOGY,SSCI,2.2 ,Q2,2区
116 ,Evolutionary Human Sciences,#N/A,#N/A,#N/A,2区
117 ,ASSESSMENT,SSCI,3.5 ,Q1,2区
118 ,CORTEX,SSCI,3.2 ,Q1,2区
119 ,AGGRESSION AND VIOLENT BEHAVIOR,SSCI,3.4 ,Q1,2区
120 ,Journal of Applied Research in Memory and Cognition,SSCI,2.8 ,Q1,2区
121 ,Journal of Contextual Behavioral Science,SSCI,3.4 ,Q1,2区
122 ,JOURNAL OF EXPERIMENTAL SOCIAL PSYCHOLOGY,SSCI,3.2 ,Q1,2区
123 ,MEDIA PSYCHOLOGY,SSCI,3.4 ,Q1,2区
124 ,Journal of Positive Psychology,SSCI,3.4 ,Q1,2区
125 ,PSYCHOANALYTIC QUARTERLY,SSCI,0.7 ,Q2,2区
126 ,Asian American Journal of Psychology,SSCI,2.4 ,Q2,2区
127 ,COGNITIVE BEHAVIOUR THERAPY,SSCI,4.3 ,Q1,2区
128 ,ANNALS OF BEHAVIORAL MEDICINE,SSCI,3.6 ,Q1,2区
129 ,AGGRESSIVE BEHAVIOR,SSCI,2.7 ,Q1,2区
130 ,CREATIVITY RESEARCH JOURNAL,SSCI,2.5 ,Q2,2区
131 ,JOURNAL OF RESEARCH IN PERSONALITY,SSCI,2.6 ,Q2,2区
132 ,International Journal of Art Therapy,ESCI,2.3 ,Q2,2区
133 ,JOURNAL OF ADOLESCENCE,SSCI,3.0 ,Q2,2区
134 ,Personality Disorders-Theory Research and Treatment,SSCI,3.0 ,Q1,2区
135 ,Qualitative Research in Psychology,SSCI,4.6 ,Q1,2区
136 ,Computers in Human Behavior Reports,ESCI,4.9 ,Q1,2区
137 ,EUROPEAN EATING DISORDERS REVIEW,SSCI,3.9 ,Q1,2区
138 ,JOURNAL OF CROSS-CULTURAL PSYCHOLOGY,SSCI,2.4 ,Q2,2区
139 ,JOURNAL OF FAMILY PSYCHOLOGY,SSCI,2.3 ,Q2,2区
140 ,Sport Exercise and Performance Psychology,SSCI,2.6 ,Q2,2区
141 ,BRITISH JOURNAL OF HEALTH PSYCHOLOGY,SSCI,3.5 ,Q1,2区
142 ,Mindfulness,SSCI,3.1 ,Q1,2区
143 ,JOURNAL OF SEX RESEARCH,SSCI,2.7 ,Q2,2区
144 ,ATTACHMENT & HUMAN DEVELOPMENT,SSCI,3.3 ,Q1,2区
145 ,HEALTH PSYCHOLOGY,SSCI,3.1 ,Q1,2区
146 ,INTERNATIONAL JOURNAL OF PSYCHOLOGY,SSCI,3.3 ,Q1,2区
147 ,PSYCHOPHYSIOLOGY,SSCI,2.9 ,Q1,2区
148 ,School Psychology,SSCI,3.9 ,Q1,2区
149 ,EUROPEAN JOURNAL OF SOCIAL PSYCHOLOGY,SSCI,2.8 ,Q2,2区
150 ,STRESS AND HEALTH,SSCI,3.0 ,Q2,2区
151 ,PSICOTHEMA,SSCI,3.2 ,Q1,2区
152 ,PSYCHOMETRIKA,SSCI,2.9 ,Q1,2区
153 ,Revista Iberoamericana de Psicologia y Salud,ESCI,2.4 ,Q2,2区
154 ,Perspectives on Behavior Science,SSCI,2.5 ,Q2,2区
155 ,Motivation Science,SSCI,3.0 ,Q1,2区
156 ,PERSONALITY AND INDIVIDUAL DIFFERENCES,SSCI,3.5 ,Q1,2区
157 ,PSYCHONOMIC BULLETIN & REVIEW,SSCI,3.2 ,Q1,2区
158 ,npj Science of Learning,SSCI,3.6 ,Q1,2区
159 ,Topics in Cognitive Science,SSCI,2.9 ,Q1,2区
160 ,Cognitive Research-Principles and Implications,SSCI,3.4 ,Q1,2区
161 ,Acta Psychologica Sinica,ESCI,1.3 ,Q3,2区
162 ,INTERNATIONAL JOURNAL OF PSYCHOANALYSIS,SSCI,1.2 ,Q1,3区
163 ,BMC Psychology,SSCI,2.7 ,Q1,3区
164 ,JOURNAL OF EXPERIMENTAL PSYCHOLOGY-HUMAN PERCEPTION AND PERFORMANCE,SSCI,2.1 ,Q2,3区
165 ,MULTIVARIATE BEHAVIORAL RESEARCH,SSCI,5.3 ,Q1,3区
166 ,INTERNATIONAL JOURNAL OF BEHAVIORAL DEVELOPMENT,SSCI,2.4 ,Q2,3区
167 ,European Journal of Investigation in Health Psychology and Education,ESCI,3.0 ,Q1,3区
168 ,JOURNAL OF CLINICAL PSYCHOLOGY,SSCI,2.5 ,Q2,3区
169 ,MIND & LANGUAGE,SSCI,1.8 ,Q3,3区
170 ,JOURNAL OF EXPERIMENTAL PSYCHOLOGY-LEARNING MEMORY AND COGNITION,SSCI,2.2 ,Q2,3区
171 ,CLINICAL PSYCHOLOGY & PSYCHOTHERAPY,SSCI,3.2 ,Q1,3区
172 ,Review of Philosophy and Psychology,ESCI,1.8 ,Q2,3区
173 ,Emotion Review,SSCI,3.0 ,Q1,3区
174 ,Journal of Intelligence,SSCI,2.8 ,Q1,3区
175 ,JOURNAL OF INTERPERSONAL VIOLENCE,SSCI,2.6 ,Q2,3区
176 ,BEHAVIORAL DISORDERS,SSCI,2.1 ,Q2,3区
177 ,Psychological Trauma-Theory Research Practice and Policy,SSCI,2.7 ,Q2,3区
178 ,Psychology of Violence,SSCI,2.4 ,Q2,3区
179 ,JOURNAL OF COUNSELING AND DEVELOPMENT,SSCI,2.3 ,Q2,3区
180 ,HUMAN PERFORMANCE,SSCI,2.9 ,Q2,3区
181 ,PSYCHOTHERAPY,SSCI,2.6 ,Q2,3区
182 ,Journal of Latinx Psychology,SSCI,2.1 ,Q2,3区
183 ,Parenting-Science and Practice,SSCI,2.3 ,Q2,3区
184 ,JOURNAL OF COMMUNITY & APPLIED SOCIAL PSYCHOLOGY,SSCI,2.7 ,Q2,3区
185 ,New Directions for Child and Adolescent Development,SSCI,3.4 ,Q1,3区
186 ,INTERNATIONAL JOURNAL OF STRESS MANAGEMENT,SSCI,2.1 ,Q3,3区
187 ,JOURNAL OF APPLIED DEVELOPMENTAL PSYCHOLOGY,SSCI,2.2 ,Q2,3区
188 ,JOURNAL OF FAMILY VIOLENCE,SSCI,2.7 ,Q2,3区
189 ,THINKING & REASONING,SSCI,2.5 ,Q2,3区
190 ,JOURNAL OF PERSONALITY ASSESSMENT,SSCI,2.8 ,Q2,3区
191 ,JOURNAL OF SOCIAL AND PERSONAL RELATIONSHIPS,SSCI,2.3 ,Q2,3区
192 ,JOURNAL OF EXPERIMENTAL CHILD PSYCHOLOGY,SSCI,1.8 ,Q3,3区
193 ,JOURNAL OF EXPERIMENTAL PSYCHOLOGY-APPLIED,SSCI,2.7 ,Q2,3区
194 ,JOURNAL OF AUTISM AND DEVELOPMENTAL DISORDERS,SSCI,3.2 ,Q1,3区
195 ,History of Psychology,SSCI,1.1 ,Q3,3区
196 ,INFANCY,SSCI,2.0 ,Q3,3区
197 ,Review Journal of Autism and Developmental Disorders,SSCI,2.9 ,Q2,3区
198 ,BRITISH JOURNAL OF CLINICAL PSYCHOLOGY,SSCI,3.8 ,Q1,3区
199 ,Psychology of Music,SSCI,1.6 ,Q3,3区
200 ,Cyberpsychology Behavior and Social Networking,SSCI,4.2 ,Q1,3区
201 ,School Mental Health,SSCI,2.5 ,Q2,3区
202 ,International Journal of Sport and Exercise Psychology,SSCI,2.3 ,Q2,3区
203 ,JOURNAL OF ADOLESCENT RESEARCH,SSCI,2.2 ,Q2,3区
204 ,MEMORY & COGNITION,SSCI,2.2 ,Q2,3区
205 ,JOURNAL FOR THE THEORY OF SOCIAL BEHAVIOUR,SSCI,1.4 ,Q4,3区
206 ,JOURNAL OF CAREER DEVELOPMENT,SSCI,2.6 ,Q2,3区
207 ,Psychological Injury & Law,ESCI,2.7 ,Q2,3区
208 ,BRAIN AND LANGUAGE,SSCI,2.1 ,Q2,3区
209 ,Organizational Psychology Review,SSCI,3.9 ,Q1,3区
210 ,Human Behavior and Emerging Technologies,ESCI,4.3 ,Q1,3区
211 ,Psychology Research and Behavior Management,SSCI,2.8 ,Q2,3区
212 ,COUNSELING PSYCHOLOGIST,SSCI,1.9 ,Q3,3区
213 ,Psychology & Sexuality,SSCI,2.4 ,Q2,3区
214 ,MEMORY,SSCI,2.2 ,Q2,3区
215 ,Journal of Poetry Therapy,ESCI,1.0 ,Q3,3区
216 ,CAREER DEVELOPMENT QUARTERLY,SSCI,2.1 ,Q3,3区
217 ,EUROPEAN PSYCHOLOGIST,SSCI,3.9 ,Q1,3区
218 ,FAMILY PROCESS,SSCI,2.6 ,Q2,3区
219 ,PSYCHOANALYTIC DIALOGUES,SSCI,0.6 ,Q2,3区
220 ,JOURNAL OF SEX & MARITAL THERAPY,SSCI,2.1 ,Q2,3区
221 ,Behavioral Sciences,SSCI,2.5 ,Q2,3区
222 ,JOURNAL OF BEHAVIORAL DECISION MAKING,SSCI,1.8 ,Q3,3区
223 ,ACTA PSYCHOLOGICA,SSCI,2.1 ,Q2,3区
224 ,COGNITIVE THERAPY AND RESEARCH,SSCI,2.8 ,Q2,3区
225 ,Cyberpsychology-Journal of Psychosocial Research on Cyberspace,SSCI,2.4 ,Q2,3区
226 ,SMALL GROUP RESEARCH,SSCI,3.0 ,Q2,3区
227 ,Industrial and Organizational Psychology-Perspectives on Science and Practice,SSCI,11.5 ,Q1,3区
228 ,AMERICAN JOURNAL OF PSYCHOTHERAPY,ESCI,2.3 ,Q2,3区
229 ,STRUCTURAL EQUATION MODELING-A MULTIDISCIPLINARY JOURNAL,#N/A,#N/A,#N/A,3区
230 ,NEW IDEAS IN PSYCHOLOGY,SSCI,2.3 ,Q2,3区
231 ,Health Psychology and Behavioral Medicine,ESCI,2.4 ,Q2,3区
232 ,JOURNAL OF THE INTERNATIONAL NEUROPSYCHOLOGICAL SOCIETY,SCIE,2.6 ,Q2,3区
233 ,JOURNAL OF SPORT & EXERCISE PSYCHOLOGY,SSCI,2.0 ,Q3,3区
234 ,BEHAVIOR MODIFICATION,SSCI,2.0 ,Q3,3区
235 ,JOURNAL OF PSYCHOLOGY,SSCI,2.2 ,Q2,3区
236 ,COGNITIVE DEVELOPMENT,SSCI,1.8 ,Q3,3区
237 ,Ecopsychology,ESCI,2.0 ,Q2,3区
238 ,HUMAN FACTORS,SSCI,2.9 ,Q2,3区
239 ,AUSTRALIAN JOURNAL OF PSYCHOLOGY,SSCI,3.6 ,Q1,3区
240 ,COGNITION & EMOTION,SSCI,2.6 ,Q2,3区
241 ,JOURNAL OF MATHEMATICAL PSYCHOLOGY,SSCI,2.2 ,Q2,3区
242 ,International Journal of Adolescence and Youth,ESCI,1.9 ,Q3,3区
243 ,CULTURE & PSYCHOLOGY,SSCI,1.0 ,Q3,3区
244 ,CONTEMPORARY PSYCHOANALYSIS,SSCI,0.5 ,Q2,3区
245 ,COGNITIVE AND BEHAVIORAL PRACTICE,SSCI,2.9 ,Q1,3区
246 ,Neuropsychologia,SSCI,2.0 ,Q3,3区
247 ,International Gambling Studies,#N/A,#N/A,#N/A,3区
248 ,INTERNATIONAL JOURNAL OF PSYCHOPHYSIOLOGY,SSCI,2.5 ,Q2,3区
249 ,Emerging Adulthood,SSCI,2.6 ,Q2,3区
250 ,APPLIED PSYCHOPHYSIOLOGY AND BIOFEEDBACK,SSCI,2.2 ,Q2,3区
251 ,JOURNAL OF HEALTH PSYCHOLOGY,SSCI,2.5 ,Q2,3区
252 ,AMERICAN INDIAN AND ALASKA NATIVE MENTAL HEALTH RESEARCH,SSCI,1.9 ,Q3,3区
253 ,ECOLOGICAL PSYCHOLOGY,SSCI,1.8 ,Q3,3区
254 ,JOURNAL OF PEDIATRIC PSYCHOLOGY,SSCI,2.7 ,Q2,3区
255 ,Empirical Studies of the Arts,SSCI,1.5 ,Q3,3区
256 ,CONSCIOUSNESS AND COGNITION,SSCI,2.1 ,Q2,3区
257 ,Europes Journal of Psychology,ESCI,1.8 ,Q2,3区
258 ,PSYCHOLOGY & HEALTH,SSCI,2.4 ,Q2,3区
259 ,CURRENT PSYCHOLOGY,SSCI,2.5 ,Q2,3区
260 ,Frontiers in Psychology,SSCI,2.6 ,Q2,3区
261 ,Attention Perception & Psychophysics,SSCI,1.7 ,Q3,3区
262 ,Journal of Pacific Rim Psychology,SSCI,2.8 ,Q1,3区
263 ,JOURNAL OF EARLY ADOLESCENCE,SSCI,2.0 ,Q3,3区
264 ,JOURNAL OF ADULT DEVELOPMENT,SSCI,1.8 ,Q3,3区
265 ,PSYCHOLOGICAL RESEARCH-PSYCHOLOGISCHE FORSCHUNG,SSCI,2.2 ,Q2,3区
266 ,ANXIETY STRESS AND COPING,SSCI,2.3 ,Q2,3区
267 ,PHARMACOLOGY BIOCHEMISTRY AND BEHAVIOR,#N/A,#N/A,#N/A,3区
268 ,Journal of Gender-Based Violence,#N/A,#N/A,#N/A,3区
269 ,PSYCHOLOGICA BELGICA,SSCI,2.7 ,Q1,3区
270 ,HUMOR-INTERNATIONAL JOURNAL OF HUMOR RESEARCH,SSCI,1.2 ,Q3,3区
271 ,APPLIED COGNITIVE PSYCHOLOGY,SSCI,2.1 ,Q2,3区
272 ,BRITISH JOURNAL OF DEVELOPMENTAL PSYCHOLOGY,SSCI,2.6 ,Q2,3区
273 ,Zeitschrift fur Psychologie-Journal of Psychology,SSCI,2.0 ,Q2,3区
274 ,PSYCHOLOGY IN THE SCHOOLS,SSCI,1.8 ,Q3,3区
275 ,Decision-Washington,ESCI,1.0 ,Q3,3区
276 ,Journal of Social and Political Psychology,ESCI,1.8 ,Q3,3区
277 ,EUROPEAN JOURNAL OF PSYCHOLOGICAL ASSESSMENT,SSCI,3.2 ,Q2,3区
278 ,Research in Psychotherapy-Psychopathology Process and Outcome,ESCI,1.6 ,Q3,3区
279 ,JOURNAL OF VISION,#N/A,#N/A,#N/A,3区
280 ,Language and Cognition,SSCI,1.1 ,Q4,3区
281 ,BEHAVIOURAL AND COGNITIVE PSYCHOTHERAPY,SSCI,2.0 ,Q3,3区
282 ,Behavior Analysis in Practice,ESCI,2.1 ,Q2,3区
283 ,Psychology Learning and Teaching-PLAT,ESCI,1.9 ,Q2,3区
284 ,JOURNAL OF COMMUNITY PSYCHOLOGY,SSCI,2.0 ,Q2,3区
285 ,Translational Issues in Psychological Science,ESCI,1.9 ,Q2,3区
286 ,JOURNAL OF GAMBLING STUDIES,SSCI,2.4 ,Q2,3区
287 ,NEUROPSYCHOLOGY,SSCI,2.6 ,Q2,3区
288 ,BRAIN AND COGNITION,SSCI,2.2 ,Q2,3区
289 ,Journal of Media Psychology-Theories Methods and Applications,SSCI,1.7 ,Q2,3区
290 ,HUMAN MOVEMENT SCIENCE,SSCI,1.6 ,Q3,3区
291 ,JOURNAL OF HOMOSEXUALITY,SSCI,2.4 ,Q2,3区
292 ,Behavior and Social Issues,ESCI,1.6 ,Q2,3区
293 ,Spatial Cognition and Computation,SSCI,1.6 ,Q3,3区
294 ,I-Perception,SSCI,2.4 ,Q2,3区
295 ,JOURNAL OF APPLIED BEHAVIORAL SCIENCE,SSCI,2.3 ,Q2,3区
296 ,INTERNATIONAL JOURNAL OF BEHAVIORAL MEDICINE,SSCI,2.0 ,Q3,3区
297 ,International Review of Social Psychology,SSCI,2.0 ,Q3,3区
298 ,CLINICAL NEUROPSYCHOLOGIST,SSCI,3.0 ,Q1,3区
299 ,SCANDINAVIAN JOURNAL OF PSYCHOLOGY,SSCI,1.8 ,Q2,3区
300 ,Journal of School Violence,SSCI,2.3 ,Q2,3区
301 ,Journal of Cognition and Development,SSCI,1.6 ,Q3,3区
302 ,INFANT MENTAL HEALTH JOURNAL,SSCI,2.1 ,Q3,3区
303 ,Collabra-Psychology,SSCI,3.1 ,Q1,3区
304 ,Brain and Behavior,#N/A,#N/A,#N/A,3区
305 ,MOTIVATION AND EMOTION,SSCI,1.7 ,Q3,3区
306 ,Human Arenas,ESCI,1.1 ,Q3,3区
307 ,GENES BRAIN AND BEHAVIOR,#N/A,#N/A,#N/A,3区
308 ,ASIAN JOURNAL OF SOCIAL PSYCHOLOGY,SSCI,2.1 ,Q3,3区
309 ,JOURNAL OF APPLIED SOCIAL PSYCHOLOGY,SSCI,2.2 ,Q3,3区
310 ,AUSTRALIAN PSYCHOLOGIST,SSCI,2.0 ,Q2,3区
311 ,BEHAVIOURAL BRAIN RESEARCH,#N/A,#N/A,#N/A,3区
312 ,COGNITIVE NEUROPSYCHOLOGY,SSCI,2.6 ,Q2,3区
313 ,SOCIAL DEVELOPMENT,SSCI,1.6 ,Q3,3区
314 ,Journal of Child and Family Studies,SSCI,1.6 ,Q3,3区
315 ,European Journal of Developmental Psychology,SSCI,1.9 ,Q3,3区
316 ,GROUP DYNAMICS-THEORY RESEARCH AND PRACTICE,SSCI,1.8 ,Q3,3区
317 ,JOURNAL OF PSYCHOTHERAPY INTEGRATION,ESCI,1.8 ,Q3,3区
318 ,Counselling Psychology Quarterly,ESCI,1.6 ,Q3,3区
319 ,Applied Developmental Science,SSCI,1.7 ,Q3,3区
320 ,JOURNAL OF EMPLOYMENT COUNSELING,SSCI,1.6 ,Q3,4区
321 ,INFANT BEHAVIOR & DEVELOPMENT,SSCI,1.9 ,Q3,4区
322 ,Psychological Services,SSCI,1.9 ,Q3,4区
323 ,Journal of Cultural Cognitive Science,ESCI,1.3 ,Q4,4区
324 ,VISUAL COGNITION,SSCI,1.7 ,Q3,4区
325 ,Journal of Theoretical Social Psychology,ESCI,2.3 ,Q2,4区
326 ,CHILD & YOUTH CARE FORUM,SSCI,1.7 ,Q3,4区
327 ,Judgment and Decision Making,SSCI,1.9 ,Q2,4区
328 ,QUARTERLY JOURNAL OF EXPERIMENTAL PSYCHOLOGY,SSCI,1.5 ,Q4,4区
329 ,Psychology of Consciousness-Theory Research and Practice,ESCI,1.4 ,Q4,4区
330 ,BRAIN BEHAVIOR AND EVOLUTION,#N/A,#N/A,#N/A,4区
331 ,CHILD NEUROPSYCHOLOGY,#N/A,#N/A,#N/A,4区
332 ,Childhood in the Past,#N/A,#N/A,#N/A,4区
333 ,LEARNING & BEHAVIOR,SSCI,1.9 ,Q2,4区
334 ,PSYCHOLOGICAL INQUIRY,SSCI,7.2 ,Q1,4区
335 ,PERSONAL RELATIONSHIPS,SSCI,1.8 ,Q3,4区
336 ,PSYCHOLOGISCHE RUNDSCHAU,SSCI,1.4 ,Q3,4区
337 ,SPORT PSYCHOLOGIST,SSCI,1.6 ,Q3,4区
338 ,Research in Human Development,SSCI,1.4 ,Q4,4区
339 ,ARTS IN PSYCHOTHERAPY,SSCI,1.5 ,Q3,4区
340 ,JOURNAL OF GENETIC PSYCHOLOGY,SSCI,1.7 ,Q3,4区
341 ,Canadian Journal of School Psychology,SSCI,3.3 ,Q1,4区
342 ,Self and Identity,SSCI,1.7 ,Q3,4区
343 ,Journal of Work and Organizational Psychology-Revista de Psicologia del Trabajo y de las Organizaciones,SSCI,2.4 ,Q2,4区
344 ,Journal of Neuropsychology,SSCI,2.0 ,Q3,4区
345 ,Journal of Theoretical and Philosophical Psychology,ESCI,1.0 ,Q3,4区
346 ,AMERICAN JOURNAL OF DANCE THERAPY,ESCI,0.8 ,Q3,4区
347 ,STRESS-THE INTERNATIONAL JOURNAL ON THE BIOLOGY OF STRESS,#N/A,#N/A,#N/A,4区
348 ,Educational and Developmental Psychologist,ESCI,2.2 ,Q2,4区
349 ,Journal of Personnel Psychology,SSCI,2.2 ,Q2,4区
350 ,JOURNAL OF REPRODUCTIVE AND INFANT PSYCHOLOGY,SSCI,2.1 ,Q2,4区
351 ,Psychomusicology,ESCI,0.6 ,Q4,4区
352 ,Journal of Rational-Emotive and Cognitive-Behavior Therapy,SSCI,1.7 ,Q3,4区
353 ,JOURNAL OF POSITIVE BEHAVIOR INTERVENTIONS,SSCI,1.4 ,Q3,4区
354 ,Journal of the Academy of Consultation-Liaison Psychiatry,SCIE,2.7 ,Q2,4区
355 ,NEUROBIOLOGY OF LEARNING AND MEMORY,SSCI,2.2 ,Q2,4区
356 ,EMOTIONAL AND BEHAVIOURAL DIFFICULTIES,ESCI,1.5 ,Q3,4区
357 ,INTERNATIONAL JOURNAL OF CLINICAL AND EXPERIMENTAL HYPNOSIS,SSCI,2.0 ,Q3,4区
358 ,Journal of Children and Media,#N/A,#N/A,#N/A,4区
359 ,INFANT AND CHILD DEVELOPMENT,SSCI,2.8 ,Q2,4区
360 ,SCHOOL PSYCHOLOGY INTERNATIONAL,SSCI,1.7 ,Q3,4区
361 ,JOURNAL OF SOCIAL PSYCHOLOGY,SSCI,1.8 ,Q3,4区
362 ,PROFESSIONAL PSYCHOLOGY-RESEARCH AND PRACTICE,SSCI,1.5 ,Q3,4区
363 ,JOURNAL OF CONSCIOUSNESS STUDIES,#N/A,#N/A,#N/A,4区
364 ,JOURNAL OF CLINICAL AND EXPERIMENTAL NEUROPSYCHOLOGY,SSCI,1.8 ,Q3,4区
365 ,Journal of Child Sexual Abuse,SSCI,1.4 ,Q3,4区
366 ,Health Psychology Research,ESCI,2.0 ,Q3,4区
367 ,Journal of Sport Psychology in Action,ESCI,1.3 ,Q3,4区
368 ,Psychoanalytic Study of the Child,SSCI,0.4 ,Q3,4区
369 ,Reading Psychology,ESCI,1.2 ,Q4,4区
370 ,European Journal of Psychology Open,SSCI,1.7 ,Q2,4区
371 ,Evolutionary Behavioral Sciences,ESCI,1.1 ,Q4,4区
372 ,BRITISH JOURNAL OF MATHEMATICAL & STATISTICAL PSYCHOLOGY,SSCI,1.5 ,Q4,4区
373 ,JOURNAL OF EMOTIONAL AND BEHAVIORAL DISORDERS,SSCI,1.7 ,Q3,4区
374 ,Art Therapy,ESCI,1.3 ,Q3,4区
375 ,Psicologia-Reflexao e Critica,SSCI,1.5 ,Q3,4区
376 ,COUNSELOR EDUCATION AND SUPERVISION,ESCI,1.4 ,Q3,4区
377 ,PSYCHOANALYTIC PSYCHOLOGY,SSCI,1.0 ,Q3,4区
378 ,CANADIAN PSYCHOLOGY-PSYCHOLOGIE CANADIENNE,SSCI,2.9 ,Q1,4区
379 ,VISION RESEARCH,SCIE,1.5 ,Q3,4区
380 ,Integrative Psychological and Behavioral Science,SSCI,1.1 ,Q4,4区
381 ,Journal of Gay & Lesbian Mental Health,ESCI,1.9 ,Q3,4区
382 ,CANADIAN JOURNAL OF EXPERIMENTAL PSYCHOLOGY-REVUE CANADIENNE DE PSYCHOLOGIE EXPERIMENTALE,SSCI,1.1 ,Q4,4区
383 ,International Forum of Psychoanalysis,ESCI,0.9 ,Q2,4区
384 ,Spirituality in Clinical Practice,ESCI,1.4 ,Q3,4区
385 ,DEVELOPMENTAL PSYCHOBIOLOGY,SCIE,1.8 ,Q3,4区
386 ,Journal of Spirituality in Mental Health,ESCI,0.9 ,Q4,4区
387 ,Health Psychology Report,ESCI,2.2 ,Q3,4区
388 ,Clinica y Salud,SSCI,2.3 ,Q2,4区
389 ,NEUROPSYCHOBIOLOGY,SCIE,2.3 ,Q2,4区
390 ,Psychology and Developing Societies,ESCI,0.9 ,Q3,4区
391 ,AGING NEUROPSYCHOLOGY AND COGNITION,SSCI,1.6 ,Q3,4区
392 ,Methodology-European Journal of Research Methods for the Behavioral and Social Sciences,SSCI,2.0 ,Q2,4区
393 ,Mediterranean Journal of Clinical Psychology,ESCI,1.8 ,Q3,4区
394 ,Health Psychology Open,ESCI,1.7 ,Q3,4区
395 ,Spanish Journal of Psychology,SSCI,2.9 ,Q1,4区
396 ,JOURNAL OF MARITAL AND FAMILY THERAPY,SSCI,1.8 ,Q3,4区
397 ,International Journal of Cognitive Therapy,SSCI,1.5 ,Q3,4区
398 ,PSYCHOLOGICAL REPORTS,SSCI,1.7 ,Q2,4区
399 ,Peace and Conflict-Journal of Peace Psychology,ESCI,0.9 ,Q4,4区
400 ,ZEITSCHRIFT FUR ENTWICKLUNGSPSYCHOLOGIE UND PADAGOGISCHE PSYCHOLOGIE,SSCI,1.5 ,Q3,4区
401 ,Journal of Eye Movement Research,#N/A,#N/A,#N/A,4区
402 ,Anales de Psicologia,SSCI,1.4 ,Q3,4区
403 ,Applied Neuropsychology-Child,SCIE,1.4 ,Q3,4区
404 ,JOURNAL OF CONTEMPORARY PSYCHOTHERAPY,ESCI,1.5 ,Q3,4区
405 ,BASIC AND APPLIED SOCIAL PSYCHOLOGY,SSCI,2.5 ,Q2,4区
406 ,JOURNAL OF COLLEGE STUDENT PSYCHOTHERAPY,ESCI,1.9 ,Q3,4区
407 ,PERCEPTION,SSCI,1.6 ,Q3,4区
408 ,Journal of Child & Adolescent Trauma,#N/A,#N/A,#N/A,4区
409 ,DEVELOPMENTAL NEUROPSYCHOLOGY,SSCI,1.6 ,Q3,4区
410 ,JOURNAL OF GENERAL PSYCHOLOGY,SSCI,1.9 ,Q2,4区
411 ,NEUROPSYCHOLOGICAL REHABILITATION,SCIE,1.7 ,Q3,4区
412 ,Cogent Psychology,ESCI,1.6 ,Q2,4区
413 ,Comparative Cognition & Behavior Reviews,#N/A,#N/A,#N/A,4区
414 ,Sexual and Relationship Therapy,SSCI,1.5 ,Q3,4区
415 ,Evolutionary Psychological Science,ESCI,1.4 ,Q3,4区
416 ,JOURNAL OF CONSTRUCTIVIST PSYCHOLOGY,SSCI,1.0 ,Q3,4区
417 ,Cognitive Behaviour Therapist,ESCI,2.1 ,Q2,4区
418 ,JOURNAL OF COMPARATIVE PHYSIOLOGY A-NEUROETHOLOGY SENSORY NEURAL AND BEHAVIORAL PHYSIOLOGY,#N/A,#N/A,#N/A,4区
419 ,Psychoanalytic Psychotherapy,ESCI,1.2 ,Q1,4区
420 ,JOURNAL OF THE EXPERIMENTAL ANALYSIS OF BEHAVIOR,SSCI,1.4 ,Q3,4区
421 ,JOURNAL OF FAMILY THERAPY,SSCI,1.1 ,Q3,4区
422 ,APPLIED PSYCHOLOGICAL MEASUREMENT,SSCI,1.0 ,Q4,4区
423 ,Cognitive Systems Research,SSCI,2.1 ,Q2,4区
424 ,PSYCHOLOGICAL STUDIES,ESCI,1.4 ,Q3,4区
425 ,PSYCHE-ZEITSCHRIFT FUR PSYCHOANALYSE UND IHRE ANWENDUNGEN,SSCI,0.2 ,Q4,4区
426 ,OMEGA-JOURNAL OF DEATH AND DYING,SSCI,1.5 ,Q3,4区
427 ,PERCEPTUAL AND MOTOR SKILLS,SSCI,1.4 ,Q4,4区
428 ,PSYCHOANALYTIC INQUIRY,SSCI,0.4 ,Q3,4区
429 ,Cognitive Processing,SSCI,1.7 ,Q3,4区
430 ,JOURNAL OF CLINICAL PSYCHOLOGY IN MEDICAL SETTINGS,SSCI,1.6 ,Q3,4区
431 ,Quantitative Methods for Psychology,#N/A,#N/A,#N/A,4区
432 ,JOURNAL OF PSYCHOPATHOLOGY AND BEHAVIORAL ASSESSMENT,SSCI,1.3 ,Q3,4区
433 ,Psychotherapy and Politics International,ESCI,0.5 ,Q4,4区
434 ,AMERICAN IMAGO,#N/A,#N/A,#N/A,4区
435 ,Psychoanalysis and History,SSCI,0.3 ,Q4,4区
436 ,European Journal of Health Psychology,SSCI,1.3 ,Q3,4区
437 ,JOURNAL OF LOSS & TRAUMA,SSCI,2.5 ,Q2,4区
438 ,SOCIAL COGNITION,SSCI,1.2 ,Q4,4区
439 ,MEASUREMENT AND EVALUATION IN COUNSELING AND DEVELOPMENT,SSCI,1.4 ,Q3,4区
440 ,Adaptive Human Behavior and Physiology,ESCI,1.2 ,Q3,4区
441 ,LEARNING AND MOTIVATION,SSCI,1.7 ,Q3,4区
442 ,Psychoanalysis Self and Context,ESCI,0.5 ,Q2,4区
443 ,INTERNATIONAL JOURNAL FOR THE ADVANCEMENT OF COUNSELLING,ESCI,1.0 ,Q4,4区
444 ,Journal of Investigative Psychology and Offender Profiling,SSCI,0.8 ,Q4,4区
445 ,Residential Treatment for Children & Youth,ESCI,1.0 ,Q3,4区
446 ,THEORY & PSYCHOLOGY,SSCI,1.1 ,Q3,4区
447 ,JOURNAL OF ANALYTICAL PSYCHOLOGY,ESCI,0.5 ,Q2,4区
448 ,Neuroscience of Consciousness,ESCI,3.1 ,Q1,4区
449 ,PsyCh Journal,SSCI,1.3 ,Q3,4区
450 ,Multisensory Research,SSCI,1.8 ,Q3,4区
451 ,Affective Science,ESCI,2.1 ,Q2,4区
452 ,ARCHIVES OF CLINICAL NEUROPSYCHOLOGY,SSCI,2.1 ,Q2,4区
453 ,Journal of Cognitive Psychology,SSCI,1.2 ,Q4,4区
454 ,Journal of Cognition and Culture,ESCI,0.6 ,Q4,4区
455 ,CONTEMPORARY FAMILY THERAPY,ESCI,1.0 ,Q3,4区
456 ,Psychology in Russia-State of the Art,ESCI,1.1 ,Q3,4区
457 ,Australian Journal of Career Development,ESCI,1.4 ,Q3,4区
458 ,BEHAVIORAL INTERVENTIONS,SSCI,1.1 ,Q3,4区
459 ,JOURNAL OF NEUROLINGUISTICS,SSCI,1.2 ,Q4,4区
460 ,Social Psychology,SSCI,1.2 ,Q4,4区
461 ,JOURNAL OF NONVERBAL BEHAVIOR,SSCI,1.2 ,Q4,4区
462 ,INTERNATIONAL JOURNAL OF GROUP PSYCHOTHERAPY,SSCI,1.0 ,Q3,4区
463 ,European Journal of Psychotherapy & Counselling,ESCI,0.4 ,Q4,4区
464 ,FORUM DER PSYCHOANALYSE,SSCI,0.2 ,Q4,4区
465 ,JOURNAL OF EXPERIMENTAL PSYCHOLOGY-ANIMAL LEARNING AND COGNITION,SSCI,1.2 ,Q3,4区
466 ,Journal of Psychologists and Counsellors in Schools,#N/A,#N/A,#N/A,4区
467 ,Journal of Behavioral and Cognitive Therapy,ESCI,1.7 ,Q3,4区
468 ,Counselling & Psychotherapy Research,ESCI,1.2 ,Q3,4区
469 ,JOURNAL OF MULTICULTURAL COUNSELING AND DEVELOPMENT,SSCI,0.8 ,Q4,4区
470 ,Evolutionary Psychology,SSCI,1.1 ,Q4,4区
471 ,Journal of Individual Differences,SSCI,1.2 ,Q4,4区
472 ,MERRILL-PALMER QUARTERLY-JOURNAL OF DEVELOPMENTAL PSYCHOLOGY,SSCI,1.2 ,Q4,4区
473 ,Clinical Psychologist,SSCI,1.2 ,Q3,4区
474 ,PSYCHOLOGICAL RECORD,SSCI,1.0 ,Q3,4区
475 ,Journal for Specialists in Group Work,ESCI,1.6 ,Q3,4区
476 ,Journal of Humanistic Counseling,ESCI,0.8 ,Q4,4区
477 ,Social Influence,SSCI,1.8 ,Q3,4区
478 ,Papeles del Psicologo,ESCI,1.1 ,Q3,4区
479 ,Psicoterapia e Scienze Umane,ESCI,0.4 ,Q4,4区
480 ,Psychological Perspectives-A Quarterly Journal of Jungian Thought,ESCI,0.1 ,Q4,4区
481 ,INTERNATIONAL JOURNAL OF MENTAL HEALTH,ESCI,1.4 ,Q3,4区
482 ,JOURNAL OF COMPARATIVE PSYCHOLOGY,SSCI,1.1 ,Q3,4区
483 ,Journal of Applied School Psychology,ESCI,1.1 ,Q4,4区
484 ,JOURNAL OF HUMANISTIC PSYCHOLOGY,SSCI,1.3 ,Q3,4区
485 ,CANADIAN JOURNAL OF BEHAVIOURAL SCIENCE-REVUE CANADIENNE DES SCIENCES DU COMPORTEMENT,SSCI,1.3 ,Q3,4区
486 ,SA Journal of Industrial Psychology,ESCI,1.5 ,Q3,4区
487 ,JOURNAL OF MOTOR BEHAVIOR,SSCI,1.1 ,Q4,4区
488 ,MILITARY PSYCHOLOGY,SSCI,1.1 ,Q3,4区
489 ,Early Child Development and Care,SSCI,1.0 ,Q4,4区
490 ,WOMEN & THERAPY,SSCI,1.1 ,Q3,4区
491 ,ZEITSCHRIFT FUR PADAGOGISCHE PSYCHOLOGIE,SSCI,1.8 ,Q3,4区
492 ,AMERICAN JOURNAL OF CLINICAL HYPNOSIS,SSCI,1.2 ,Q3,4区
493 ,HISPANIC JOURNAL OF BEHAVIORAL SCIENCES,SSCI,1.2 ,Q3,4区
494 ,Journal of Forensic Psychology Research and Practice,SSCI,0.7 ,Q4,4区
495 ,International Journal of Evidence Based Coaching & Mentoring,ESCI,0.9 ,Q4,4区
496 ,SOUTH AFRICAN JOURNAL OF PSYCHOLOGY,SSCI,1.9 ,Q2,4区
497 ,Kulturno-Istoricheskaya Psikhologiya-Cultural-Historical Psychology,ESCI,0.6 ,Q4,4区
498 ,Analysis of Verbal Behavior,ESCI,0.7 ,Q4,4区
499 ,JOURNAL OF ADDICTIONS & OFFENDER COUNSELING,ESCI,1.0 ,Q4,4区
500 ,EUROPEAN REVIEW OF APPLIED PSYCHOLOGY-REVUE EUROPEENNE DE PSYCHOLOGIE APPLIQUEE,SSCI,1.3 ,Q3,4区
501 ,JOURNAL OF CHILD PSYCHOTHERAPY,ESCI,0.4 ,Q4,4区
502 ,EXPERIMENTAL PSYCHOLOGY,SSCI,1.1 ,Q4,4区
503 ,International Journal of Psychological Research,SSCI,1.2 ,Q3,4区
504 ,TPM-Testing Psychometrics Methodology in Applied Psychology,ESCI,0.7 ,Q4,4区
505 ,International Journal of Social Psychology,SSCI,0.9 ,Q4,4区
506 ,Coaching-An International Journal of Theory Research and Practice,ESCI,0.9 ,Q4,4区
507 ,Revista De Historia De La Psicologia,ESCI,0.3 ,Q4,4区
508 ,Journal of Motor Learning and Development,ESCI,0.8 ,Q4,4区
509 ,Advances in Cognitive Psychology,SSCI,1.0 ,Q4,4区
510 ,STUDIA PSYCHOLOGICA,SSCI,1.1 ,Q3,4区
511 ,Clinical Case Studies,SSCI,0.8 ,Q4,4区
512 ,JOURNAL OF SOCIAL AND CLINICAL PSYCHOLOGY,SSCI,1.0 ,Q3,4区
513 ,CHEMICAL SENSES,#N/A,#N/A,#N/A,4区
514 ,International Journal of Applied Psychoanalytic Studies,ESCI,0.4 ,Q3,4区
515 ,Timing & Time Perception,ESCI,1.4 ,Q4,4区
516 ,Journal of Couple & Relationship Therapy-Innovations in Clinical and Educational Interventions,ESCI,0.7 ,Q4,4区
517 ,REVISTA LATINOAMERICANA DE PSICOLOGIA,SSCI,1.1 ,Q3,4区
518 ,Applied Neuropsychology-Adult,SCIE,1.4 ,Q3,4区
519 ,Studies in Psychology,SSCI,0.8 ,Q3,4区
520 ,Australian and New Zealand Journal of Family Therapy,#N/A,#N/A,#N/A,4区
521 ,Psychology of Leaders and Leadership,ESCI,0.9 ,Q4,4区
522 ,Body Movement and Dance in Psychotherapy,ESCI,0.4 ,Q4,4区
523 ,Counseling and Values,ESCI,0.7 ,Q4,4区
524 ,Psicologia Sociale,ESCI,0.5 ,Q4,4区
525 ,Person-Centered and Experiential Psychotherapies,ESCI,0.5 ,Q4,4区
526 ,Psikhologicheskaya Nauka i Obrazovanie-Psychological Science and Education,ESCI,0.7 ,Q4,4区
527 ,Psychodynamic Practice,ESCI,0.3 ,Q4,4区
528 ,BRITISH JOURNAL OF GUIDANCE & COUNSELLING,SSCI,1.0 ,Q4,4区
529 ,LATERALITY,SSCI,0.9 ,Q4,4区
530 ,Current Issues in Personality Psychology,ESCI,1.0 ,Q4,4区
531 ,AMERICAN JOURNAL OF PSYCHOLOGY,SSCI,0.9 ,Q3,4区
532 ,Journal of LGBTQ Issues in Counseling,ESCI,0.7 ,Q4,4区
533 ,BEHAVIOURAL PHARMACOLOGY,#N/A,#N/A,#N/A,4区
534 ,Journal of Psychosocial Studies,ESCI,0.2 ,Q4,4区
535 ,TEACHING OF PSYCHOLOGY,SSCI,0.7 ,Q4,4区
536 ,KINDHEIT UND ENTWICKLUNG,SSCI,0.8 ,Q4,4区
537 ,Psihologija,SSCI,0.9 ,Q3,4区
538 ,AMERICAN JOURNAL OF FAMILY THERAPY,SSCI,0.9 ,Q4,4区
539 ,Journal of Youth Development,ESCI,0.5 ,Q4,4区
540 ,Consulting Psychology Journal-Practice and Research,ESCI,0.9 ,Q4,4区
541 ,Sexual Health & Compulsivity,ESCI,0.6 ,Q4,4区
542 ,Organisational and Social Dynamics,ESCI,0.4 ,Q4,4区
543 ,Social Psychology and Society,ESCI,0.5 ,Q4,4区
544 ,Psicologica,SSCI,0.8 ,Q4,4区
545 ,Advances in Autism,ESCI,1.1 ,Q4,4区
546 ,PsyArt Journal-Online Journal for the Psychological Study of the Arts,ESCI,<0.1,Q4,4区
547 ,Psychotherapie,SSCI,1.0 ,Q3,4区
548 ,SOCIAL BEHAVIOR AND PERSONALITY,SSCI,1.0 ,Q4,4区
549 ,Jung Journal-Culture & Psyche,#N/A,#N/A,#N/A,4区
550 ,Journal of Psychology in Africa,SSCI,0.8 ,Q3,4区
551 ,Revista Espanola de Orientacion y Psicopedagogia,ESCI,0.7 ,Q4,4区
552 ,PSIKHOLOGICHESKII ZHURNAL,SSCI,0.5 ,Q4,4区
553 ,Journal of Prevention & Intervention in the Community,ESCI,0.9 ,Q3,4区
554 ,Journal of Creativity in Mental Health,ESCI,0.8 ,Q4,4区
555 ,GRUPPENPSYCHOTHERAPIE UND GRUPPENDYNAMIK,SSCI,0.2 ,Q4,4区
556 ,JAPANESE PSYCHOLOGICAL RESEARCH,SSCI,0.8 ,Q3,4区
557 ,Psychology and Law,ESCI,0.4 ,Q4,4区
558 ,Journal of Occupational Therapy Schools and Early Intervention,ESCI,0.7 ,Q4,4区
559 ,Journal of Muslim Mental Health,ESCI,0.5 ,Q4,4区
560 ,Nordic Psychology,SSCI,0.6 ,Q4,4区
561 ,Acta Colombiana de Psicologia,ESCI,0.7 ,Q4,4区
562 ,Nonlinear Dynamics Psychology and Life Sciences,SSCI,0.6 ,Q4,4区
563 ,Papers on Social Representations,ESCI,0.4 ,Q4,4区
564 ,Interaction Studies,#N/A,#N/A,#N/A,4区
565 ,Terapia Psicologica,SSCI,0.8 ,Q4,4区
566 ,International Journal of AEROSPACE Psychology,SSCI,1.0 ,Q4,4区
567 ,DIAGNOSTICA,SSCI,0.6 ,Q4,4区
568 ,INTERNATIONAL JOURNAL OF SPORT PSYCHOLOGY,SSCI,0.6 ,Q4,4区
569 ,ZEITSCHRIFT FUR KLINISCHE PSYCHOLOGIE UND PSYCHOTHERAPIE,SSCI,0.6 ,Q4,4区
570 ,Zeitschrift fur Sexualforschung,SSCI,0.8 ,Q4,4区
571 ,GIO-Gruppe-Interaktion-Organisation-Zeitschrift fuer Angewandte Organisationspsychologie,ESCI,0.8 ,Q4,4区
572 ,Aloma-Revista de Psicologia Ciencies de l Educacio i de l Esport,ESCI,1.0 ,Q3,4区
573 ,Journal of Evidence-Based Psychotherapies,SSCI,0.8 ,Q4,4区
574 ,Revista Iberoamericana de Diagnostico y Evaluacion-e Avaliacao Psicologica,SSCI,0.6 ,Q4,4区
575 ,Behavioral Psychology-Psicologia Conductual,SSCI,0.7 ,Q4,4区
576 ,Desde el Jardin de Freud-Revista de Psicoanalisis,#N/A,#N/A,#N/A,4区
577 ,Konsultativnaya Psikhologiya i Psikhoterapiya-Counseling Psychology and Psychotherapy,ESCI,0.5 ,Q4,4区
578 ,Zeitschrift fuer Individualpsychologie,ESCI,0.1 ,Q4,4区
579 ,Filigrane-Revue de Psychanalyse,#N/A,#N/A,#N/A,4区
580 ,Psychologica,ESCI,0.6 ,Q4,4区
581 ,GeroPsych-The Journal of Gerontopsychology and Geriatric Psychiatry,ESCI,0.8 ,Q4,4区
582 ,European Journal of Mental Health,ESCI,0.6 ,Q4,4区
583 ,Psychology-Journal of the Higher School of Economics,ESCI,0.5 ,Q4,4区
584 ,Anuario de Psicologia,ESCI,0.6 ,Q4,4区
585 ,Quaderns de Psicologia,ESCI,0.4 ,Q4,4区
586 ,PSYCHOTHERAPIE PSYCHOSOMATIK MEDIZINISCHE PSYCHOLOGIE,SSCI,0.7 ,Q4,4区
587 ,Canadian Journal of Career Development,ESCI,0.4 ,Q4,4区
588 ,CHILD & FAMILY BEHAVIOR THERAPY,SSCI,0.4 ,Q4,4区
589 ,Interdisciplinaria,ESCI,0.8 ,Q3,4区
590 ,International Journal of Systemic Therapy,ESCI,0.4 ,Q4,4区
591 ,Psychology Society & Education,ESCI,1.2 ,Q3,4区
592 ,International Journal of Psychology and Psychological Therapy,ESCI,0.7 ,Q4,4区
593 ,PSYCHOLOGIA,SSCI,0.5 ,Q4,4区
594 ,ZEITSCHRIFT FUR ARBEITS-UND ORGANISATIONSPSYCHOLOGIE,SSCI,1.0 ,Q4,4区
595 ,Advances in Dual Diagnosis,ESCI,0.8 ,Q4,4区
596 ,Acta Neuropsychologica,ESCI,1.0 ,Q4,4区
597 ,Sibirskiy Psikhologicheskiy Zhurnal-Siberian Journal of Psychology,ESCI,0.3 ,Q4,4区
598 ,Liberabit-Revista de Psicologia,ESCI,0.6 ,Q4,4区
599 ,Primenjena Psihologija,ESCI,0.5 ,Q4,4区
600 ,JOURNAL OF PSYCHOPHYSIOLOGY,SSCI,0.9 ,Q4,4区
601 ,ECOS-Estudos Contemporaneos da Subjetividade,ESCI,<0.1,Q4,4区
602 ,CESKOSLOVENSKA PSYCHOLOGIE,SSCI,0.5 ,Q4,4区
603 ,Pratiques Psychologiques,SSCI,0.6 ,Q4,4区
604 ,Revista de Psicoterapia,ESCI,0.3 ,Q4,4区
605 ,Neuropsychological Trends,ESCI,0.7 ,Q4,4区
606 ,Revista de Psicologia Clinica con Ninos y Adolescentes,ESCI,0.8 ,Q4,4区
607 ,Journal of Educational Cultural and Psychological Studies,ESCI,0.3 ,Q4,4区
608 ,Psihologijske teme,ESCI,0.4 ,Q4,4区
609 ,REVISTA MEXICANA DE PSICOLOGIA,SSCI,0.4 ,Q4,4区
610 ,Eksperimentalnaya Psikhologiya,ESCI,0.4 ,Q4,4区
611 ,ANNEE PSYCHOLOGIQUE,SSCI,0.5 ,Q4,4区
612 ,Revista de Psicologia PUCP,ESCI,0.3 ,Q4,4区
613 ,DREAMING,SSCI,0.8 ,Q3,4区
614 ,PSYCHOLOGIST,SSCI,0.7 ,Q4,4区
615 ,VOPROSY PSIKHOLOGII,SSCI,0.2 ,Q4,4区
616 ,Asia Pacific Journal of Counselling and Psychotherapy,ESCI,0.2 ,Q4,4区
617 ,Revista Iberoamericana de Psicologia del Ejercicio y el Deporte,ESCI,0.5 ,Q4,4区
618 ,PSYCHOLOGIE IN ERZIEHUNG UND UNTERRICHT,SSCI,0.3 ,Q4,4区
619 ,ARQUIVOS BRASILEROS DE PSICOLOGIA,ESCI,0.1 ,Q4,4区
620 ,Journal of Cognitive Psychotherapy,SSCI,0.6 ,Q4,4区
621 ,Psicodebate-Psicologia Cultura y Sociedad,ESCI,0.4 ,Q4,4区
622 ,Organizatsionnaya Psikologiya,ESCI,0.4 ,Q4,4区
623 ,Psyecology-Bilingual Journal of Environmental Psychology-Revista Bilingue de Psicologia Ambiental,ESCI,0.7 ,Q4,4区
624 ,International Journal of Integrative Psychotherapy,ESCI,<0.1,Q4,4区
625 ,Clinical Psychology and Special Education,ESCI,0.3 ,Q4,4区
626 ,Suicidology,ESCI,0.2 ,Q4,4区
627 ,Accion Psicologica,ESCI,0.4 ,Q4,4区
628 ,Psychologie Francaise,SSCI,0.4 ,Q4,4区
629 ,NEW ZEALAND JOURNAL OF PSYCHOLOGY,ESCI,0.1 ,Q4,4区
630 ,Revista CES Psicologia,ESCI,0.2 ,Q4,4区
631 ,Zeitschrift fur Sportpsychologie,SSCI,0.4 ,Q4,4区
632 ,Ricerche di Psicologia,ESCI,0.1 ,Q4,4区
633 ,Ansiedad y Estres-Anxiety and Stress,ESCI,0.5 ,Q4,4区
634 ,Revista Argentina de Ciencias del Comportamiento,ESCI,0.5 ,Q4,4区
635 ,Gedrag & Organisatie,SSCI,0.3 ,Q4,4区
636 ,Psychologie du Travail et des Organisations,ESCI,0.3 ,Q4,4区
637 ,Activites-Revue Electronique,#N/A,#N/A,#N/A,4区
638 ,Avances en Psicologia Latinoamericana,ESCI,0.2 ,Q4,4区
639 ,Current Research in Social Psychology,ESCI,0.4 ,Q4,4区
640 ,Actualidades en Psicologia,ESCI,0.2 ,Q4,4区
641 ,Universitas Psychologica,SSCI,0.3 ,Q4,4区
642 ,Enfance,ESCI,0.1 ,Q4,4区
643 ,Psicologia Clinica dello Sviluppo,ESCI,0.4 ,Q4,4区
644 ,Psicologia Conocimiento y Sociedad,ESCI,0.1 ,Q4,4区
645 ,Zeitschrift fur Neuropsychologie,SCIE,0.5 ,Q4,4区
646 ,Studies in Psychology-Psikoloji Calismalari Dergisi,ESCI,0.2 ,Q4,4区
647 ,Revista Costarricense de Psicologia,ESCI,0.3 ,Q4,4区
648 ,Diversitas-Perspectivas en Psicologia,#N/A,#N/A,#N/A,4区
649 ,Journal of Child and Adolescent Mental Health,ESCI,0.3 ,Q4,4区
650 ,Rivista di Psicologia dell Emergenza e dell Assistenza Umanitaria,ESCI,<0.1,Q4,4区
651 ,TURK PSIKOLOJI DERGISI,SSCI,0.2 ,Q4,4区
652 ,Eureka-Revista Cientifica de Psicologia,ESCI,0.3 ,Q4,4区
653 ,Pensando Psicologia,ESCI,0.2 ,Q4,4区
654 ,Indian Journal of Psychological Science,ESCI,<0.1,Q4,4区
655 ,Calidad de Vida y Salud,ESCI,0.1 ,Q4,4区
656 ,Cuadernos de Neuropsicologia-Panamerican Journal of Neuropsychology,ESCI,0.3 ,Q4,4区
657 ,Revista Clinica Contemporanea,ESCI,<0.1,Q4,4区
